{
	"pages": [ //pages数组中第一项表示应用启动页，参考：https://uniapp.dcloud.io/collocation/pages
		{
			"path": "pages/create/create",
			"style": {
				"navigationBarTitleText": "java1234-微投票"
			}
		},
		{
			"path": "pages/author/author",
			"style": {
				"navigationBarTitleText": "关于锋哥"
			}
		},
		{
			"path": "pages/my/my",
			"style": {
				"navigationBarTitleText": "我的"
			}
		},
		{
			"path": "pages/createWordVote/createWordVote",
			"style": {
				"navigationBarTitleText": "创建文字投票"
			}
		},
		{
			"path": "pages/createPicVote/createPicVote",
			"style": {
				"navigationBarTitleText": "创建图文投票"
			}
		},
		{
			"path": "pages/createVoteList/createVoteList",
			"style": {
				"navigationBarTitleText": "我创建的投票"
			}
		},
		{
			"path": "pages/vote/vote",
			"style": {
				"navigationBarTitleText": ""
			}
		},
		{
			"path": "pages/joinVoteList/joinVoteList",
			"style": {
				"navigationBarTitleText": "我参与的投票"
			}
		},
		{
			"path": "pages/voteDetail/voteDetail",
			"style": {
				"navigationBarTitleText": "投票明细"
			}
		},
		{
			"path": "pages/votePeopleDetail/votePeopleDetail",
			"style": {
				"navigationBarTitleText": "投票人明细"
			}
		},
		{
			"path": "pages/rank/rank",
			"style": {
				"navigationBarTitleText": "票数排行"
			}
		},
		{
			"path": "pages/customer/customer",
			"style": {
				"navigationBarTitleText": "客服页面"
			}
		}
	],
	"globalStyle": {
		"navigationBarTextStyle": "black",
		"navigationBarTitleText": "java1234-微投票",
		"navigationBarBackgroundColor": "#FFFFFF",
		"backgroundColor": "#F8F8F8"
	},
	"tabBar": {
		"color":"#4D4D4D",
		"selectedColor":"#13227a",
		"backgroundColor":"#FFFFFF",
		"borderStyle":"black",
		"position":"bottom",
		"list": [
			{
				"text": "创建",
				"pagePath": "pages/create/create",
				"iconPath": "static/tabbar/icon/_create.png",
				"selectedIconPath": "static/tabbar/icon/create.png"
			},
			{
				"text": "关于锋哥",
				"pagePath": "pages/author/author",
				"iconPath": "static/tabbar/icon/_author.png",
				"selectedIconPath": "static/tabbar/icon/author.png"
			},
			{
				"text": "我的",
				"pagePath": "pages/my/my",
				"iconPath": "static/tabbar/icon/_my.png",
				"selectedIconPath": "static/tabbar/icon/my.png"
			}
		]
	},
	"uniIdRouter": {}
}
